operation,duration,success
Notify_Admin,11337,True
Sync_Fornecedores,1425,True
Update_Precos,13776,True
Flow_Clientes,10258,True
Export_Relatorio,2770,False
Sync_Fornecedores,8967,True
Sync_Vendas,7315,True
Check_Estoque,3585,True
Export_Relatorio,5408,True
Sync_Fornecedores,1739,True
Sync_Fornecedores,14979,True
Export_Relatorio,8540,True
Clean_Temp_Files,9402,True
Export_Relatorio,4647,True
Export_Relatorio,10925,True
Update_Precos,12583,True
Clean_Temp_Files,8645,True
Notify_Admin,5412,True
Clean_Temp_Files,12088,True
Flow_Clientes,14846,True
Auth_User,14700,True
Notify_Admin,12370,False
Export_Relatorio,11521,True
Backup_Database,3386,True
Check_Estoque,6016,True
Export_Relatorio,3342,True
Notify_Admin,7373,False
Notify_Admin,1942,True
Clean_Temp_Files,12003,True
Check_Estoque,12712,True
Notify_Admin,13118,True
Update_Precos,13256,True
Auth_User,13206,True
Sync_Fornecedores,6057,True
Sync_Vendas,2376,True
Notify_Admin,6365,True
Process_Invoice,2730,False
Flow_Pagamentos,5016,True
Auth_User,11353,False
Sync_Vendas,14162,True
Sync_Fornecedores,1923,True
Flow_Clientes,14744,True
Sync_Vendas,12133,True
Backup_Database,11673,True
Sync_Fornecedores,3516,True
Process_Invoice,8555,False
Export_Relatorio,5230,False
Process_Invoice,12645,True
Notify_Admin,6160,True
Export_Relatorio,7173,True
